<?xml version="1.0" encoding="UTF-8"?>
<metadata xml:lang="zh"><Esri><CreaDate>20231113</CreaDate><CreaTime>22361300</CreaTime><ArcGISFormat>1.0</ArcGISFormat><SyncOnce>TRUE</SyncOnce><DataProperties><lineage><Process ToolSource="d:\program files\arcgis\pro\Resources\ArcToolbox\toolboxes\Data Management Tools.tbx\Rename" Date="20231113" Time="223613">Rename F:\surface\所有数据\非趋势数据\四川森林火灾\hz_328.tif F:\surface\所有数据\非趋势数据\四川森林火灾\202003281832_str.tif RasterDataset</Process></lineage></DataProperties></Esri></metadata>
